{"Inputs": {"data": [{"radius_mean": 18.0, "texture_mean": 10.4, "perimeter_mean": 122.9, "area_mean": 1002, "smoothness_mean": 0.1185, "compactness_mean": 0.2778, "concavity_mean": 0.3002, "concave points_mean": 0.1473, "symmetry_mean": 0.242, "fractal_dimension_mean": 0.07873, "radius_se": 1.096, "texture_se": 0.9054, "perimeter_se": 8.59, "area_se": 153.6, "smoothness_se": 0.0064, "compactness_se": 0.04906, "concavity_se": 0.05375, "concave points_se": 0.01588, "symmetry_se": 0.03004, "fractal_dimension_se": 0.006195, "radius_worst": 25.4, "texture_worst": 17.4, "perimeter_worst": 184.8, "area_worst": 2020, "smoothness_worst": 0.1625, "compactness_worst": 0.6658, "concavity_worst": 0.712, "concave points_worst": 0.2656, "symmetry_worst": 0.4603, "fractal_dimension_worst": 0.119}, {"radius_mean": 13.56, "texture_mean": 14.37, "perimeter_mean": 87.5, "area_mean": 567.0, "smoothness_mean": 0.09778, "compactness_mean": 0.0813, "concavity_mean": 0.06666, "concave points_mean": 0.04783, "symmetry_mean": 0.1886, "fractal_dimension_mean": 0.05768, "radius_se": 0.27, "texture_se": 0.7888, "perimeter_se": 2.06, "area_se": 24.0, "smoothness_se": 0.00847, "compactness_se": 0.0147, "concavity_se": 0.02388, "concave points_se": 0.01316, "symmetry_se": 0.0199, "fractal_dimension_se": 0.0024, "radius_worst": 15.12, "texture_worst": 19.3, "perimeter_worst": 99.9, "area_worst": 712.0, "smoothness_worst": 0.145, "compactness_worst": 0.1775, "concavity_worst": 0.24, "concave points_worst": 0.1289, "symmetry_worst": 0.2979, "fractal_dimension_worst": 0.0726}]}, "method": "predict"}